,white,convex,scaly,poisonous,free,closed,grasses,brown,edible,paths,smooth,urban,flat
M31,0.055948011711425744,0.05490552924027639,0.07079849501110877,0.05490552924027642,0.05388878624951737,0.05388878624951737,0.6556648622978779,0.0,0.0,0.0,0.0,0.0,0.0
M33,0.0,1.9530594118588184e-06,2.5183923903506187e-06,1.9530594118588184e-06,1.916892572288736e-06,1.916892572288736e-06,2.3322831927037016e-05,0.9999664188717142,0.0,0.0,0.0,0.0,0.0
M16,0.0,1.1488964975189377e-07,1.4814563136604295e-07,0.0,1.1276211819519373e-07,1.1276211819519373e-07,0.0,0.05882350067296957,0.47058800538375645,0.47058800538375645,0.0,0.0,0.0
M36,0.0006778279261290468,0.0006651979199888864,0.0,0.0006651979199888864,0.0006528797558262863,0.0006528797558262863,0.0,0.0,0.0,0.0,0.9929484986423032,0.00373751807993756,0.0
M37,0.0006749888757297934,0.0006624117697765291,0.0,0.0006624117697765291,0.0006501451996653626,0.0006501451996653626,0.007910316644328454,0.0,0.0,0.0,0.988789580541058,0.0,0.0
M30,0.08570068356016199,0.08410381786924526,0.1084485262635997,0.08410381786924526,0.08254637969320268,0.08254637969320268,0.0,0.0,0.0,0.0,0.0,0.4725503950513425,0.0
M34,2.4868448861570476e-07,0.0,0.0,2.4405073645368365e-07,2.395313942469455e-07,2.395313942469455e-07,2.9143784738025812e-06,0.0,0.0,0.0,0.0003642973092253231,0.0,0.9996318165142873
