,white,bell,smooth,edible,free,closed,meadows,convex,grasses
M2,0.13308910585014586,0.1672772353746353,0.13308910585014586,0.13308910585014586,0.13308910585014586,0.13308910585014586,0.1672772353746353,0.0,0.0
M23,9.525419148959006e-06,0.0,9.525419148959006e-06,9.525419148959006e-06,9.525419148959006e-06,9.525419148959006e-06,1.19723231352728e-05,0.9999404005811199,0.0
M28,9.525419148959006e-06,1.19723231352728e-05,9.525419148959006e-06,9.525419148959006e-06,9.525419148959006e-06,9.525419148959006e-06,0.0,0.0,0.9999404005811199
