,brown,flat,fibrous,edible,free,closed,urban,convex
M14,0.02631578947368421,0.8421052631578947,0.02631578947368421,0.02631578947368421,0.02631578947368421,0.02631578947368421,0.02631578947368421,0.0
M20,0.02631578947368421,0.0,0.02631578947368421,0.02631578947368421,0.02631578947368421,0.02631578947368421,0.02631578947368421,0.8421052631578947
