,gray,sunken,fibrous,edible,free,closed,urban,brown,flat,convex
M10,0.23581426063427122,0.23581426063427122,0.10567429574629149,0.10567429574629149,0.10567429574629149,0.10567429574629149,0.10567429574629149,0.0,0.0,0.0
M14,0.0,0.0,6.426296404888813e-05,6.426296404888813e-05,6.426296404888813e-05,6.426296404888813e-05,6.426296404888813e-05,0.058804628539985616,0.9408740566397699,0.0
M20,0.0,0.0,6.426296404888813e-05,6.426296404888813e-05,6.426296404888813e-05,6.426296404888813e-05,6.426296404888813e-05,0.058804628539985616,0.0,0.9408740566397699
