,yellow,convex,scaly,edible,free,closed,grasses,paths,white,flat
M4,0.06612881893929375,0.06612881893929375,0.04338711810607061,0.04338711810607061,0.04338711810607061,0.04338711810607061,0.69419388969713,0.0,0.0,0.0
M19,0.06612881893929375,0.06612881893929375,0.04338711810607061,0.04338711810607061,0.04338711810607061,0.04338711810607061,0.0,0.69419388969713,0.0,0.0
M22,0.0,0.00015208843273174235,9.978522071529615e-05,9.978522071529615e-05,9.978522071529615e-05,9.978522071529615e-05,0.0015965635314447403,0.0,0.9978522071529623,0.0
M24,0.00015208843273174235,0.0,9.978522071529615e-05,9.978522071529615e-05,9.978522071529615e-05,9.978522071529615e-05,0.0,0.0015965635314447403,0.0,0.9978522071529623
