,brown,convex,scaly,poisonous,free,closed,urban,flat,grasses
M35,0.14042616293753313,0.14893459265616718,0.14042616293753313,0.14042616293753313,0.14042616293753313,0.14042616293753313,0.14893459265616718,0.0,0.0
M39,7.320808447717214e-06,0.0,7.320808447717214e-06,7.320808447717214e-06,7.320808447717214e-06,7.320808447717214e-06,7.76437667501893e-06,0.9999556315810865,0.0
M33,7.320808447717214e-06,7.76437667501893e-06,7.320808447717214e-06,7.320808447717214e-06,7.320808447717214e-06,7.320808447717214e-06,0.0,0.0,0.9999556315810865
M38,3.660499639898346e-06,0.0,3.660499639898346e-06,3.660499639898346e-06,3.660499639898346e-06,3.660499639898346e-06,0.0,0.4999908487509003,0.4999908487509003
