,brown,convex,fibrous,edible,free,crowded,grasses
M9,0.14285714285714285,0.14285714285714285,0.14285714285714285,0.14285714285714285,0.14285714285714285,0.14285714285714285,0.14285714285714285
