,brown,flat,smooth,poisonous,free,closed,grasses,convex,urban
M41,2.6552249279212387e-05,0.9982417687454695,2.6552249279212387e-05,2.6552249279212387e-05,2.6552249279212387e-05,2.6552249279212387e-05,0.0016254700081342855,0.0,0.0
M32,0.014855978729599545,0.0,0.014855978729599545,0.014855978729599545,0.014855978729599545,0.014855978729599545,0.9094501792490418,0.016269927102960557,0.0
M40,2.659377765794096e-05,0.9998030437169123,2.659377765794096e-05,2.659377765794096e-05,2.659377765794096e-05,2.659377765794096e-05,0.0,0.0,6.398739479788242e-05
M29,0.11762933056631628,0.0,0.11762933056631628,0.11762933056631628,0.11762933056631628,0.11762933056631628,0.0,0.1288249443754828,0.28302840279293573
