,yellow,convex,fibrous,edible,free,crowded,woods,smooth
M17,0.11047577947998707,0.11047577947998707,0.33714532312007767,0.11047577947998707,0.11047577947998707,0.11047577947998707,0.11047577947998707,0.0
M15,0.0003193867773874163,0.0003193867773874163,0.0,0.0003193867773874163,0.0003193867773874163,0.0003193867773874163,0.0003193867773874163,0.9980836793356755
