,white,bell,smooth,edible,free,closed,meadows,yellow,scaly,grasses,convex
M2,0.7930513215759677,0.021707047435307204,0.09913141519699598,0.02083887053121461,0.02083887053121461,0.02083887053121461,0.023593604198085292,0.0,0.0,0.0,0.0
M18,0.0,6.930443136729659e-05,0.0,6.653258932642598e-05,6.653258932642598e-05,6.653258932642598e-05,0.0,0.00019174301588253603,0.0009985408139708003,0.9985408139708002,0.0
M12,0.0,0.04516377492629697,0.0,0.043357442378791175,0.043357442378791175,0.043357442378791175,0.04908895292545708,0.12495360314138078,0.6507213418704916,0.0,0.0
M8,0.0,6.935173218828194e-05,0.00031671443933941685,6.657799834335798e-05,6.657799834335798e-05,6.657799834335798e-05,0.0,0.00019187388200307866,0.0,0.9992223259514392,0.0
M6,0.0,0.08129825641823846,0.3712716451100424,0.07804671938743481,0.07804671938743481,0.07804671938743481,0.08836387765968037,0.22492606264973447,0.0,0.0,0.0
M5,0.6534568996738854,0.017886131114392245,0.0,0.017170772382009786,0.017170772382009786,0.017170772382009786,0.019440612520228575,0.0,0.2577040395454644,0.0,0.0
M23,9.390347130659194e-05,0.0,1.173793391332399e-05,2.4674850514100624e-06,2.4674850514100624e-06,2.4674850514100624e-06,2.793667035862516e-06,0.0,0.0,0.0,0.9998841624725899
M28,0.002527795817231546,6.918970086623846e-05,0.0003159744771539432,6.642244749047813e-05,6.642244749047813e-05,6.642244749047813e-05,0.0,0.0,0.0,0.9968877726622768,0.0
