,yellow,convex,smooth,edible,free,closed,grasses,white
M1,0.2892179546506246,0.11846367422489587,0.11846367422489587,0.11846367422489587,0.11846367422489587,0.11846367422489587,0.11846367422489587,0.0
M26,0.0,0.0015847860538827263,0.0015847860538827263,0.0015847860538827263,0.0015847860538827263,0.0015847860538827263,0.0015847860538827263,0.9904912836767036
