,white,flat,fibrous,edible,free,crowded,grasses,brown,convex,gray,sunken,closed,urban,yellow,woods,smooth
M11,0.9483569861566226,0.03512433282061565,0.00016261265194729462,0.00011854462326957783,0.00011854462326957783,0.0013009012155783574,0.014818077908697234,0.0,0.0,0.0,0.0,0.0,0.0,0.0,0.0,0.0
M9,0.0,0.0,0.003039757366566999,0.002215983120227343,0.002215983120227343,0.024318058932536,0.276997890028418,0.656587591178472,0.034624736253552266,0.0,0.0,0.0,0.0,0.0,0.0,0.0
M10,0.0,0.0,0.04236748891426482,0.030885899418499053,0.030885899418499053,0.0,0.0,0.0,0.0,0.1856402669782061,0.3389399113141185,0.18564026697820618,0.18564026697820618,0.0,0.0,0.0
M17,0.0,0.0,0.008683523556771247,0.006330288672886242,0.006330288672886242,0.06946818845416997,0.0,0.0,0.0989107605138475,0.0,0.0,0.0,0.0,0.4051384750647194,0.4051384750647194,0.0
M14,0.0,0.4873411601265686,0.002256209074660039,0.0016447764154271691,0.0016447764154271691,0.0,0.0,0.4873411601265686,0.0,0.0,0.0,0.00988595892067419,0.00988595892067419,0.0,0.0,0.0
M3,0.0,0.0,0.0,0.0008623593015936477,0.0008623593015936477,0.009463476560698465,0.107794912699206,0.0,0.013474364087400758,0.005183226455859638,0.0,0.0,0.0,0.0,0.0,0.8623593015936478
M20,0.0,0.0,0.004190904749658029,0.0030551695625007044,0.0030551695625007044,0.0,0.0,0.9052354259261346,0.04773702441407355,0.0,0.0,0.01836315289256621,0.01836315289256621,0.0,0.0,0.0
M15,0.0,0.0,0.0,0.0008646039418645764,0.0008646039418645764,0.009488109101394528,0.0,0.0,0.013509436591634017,0.0,0.0,0.0,0.0,0.05533465227933291,0.05533465227933291,0.8646039418645766
M27,0.0,0.6708810671562154,0.0031059308664639594,0.0022642236016522273,0.0022642236016522273,0.024847446931711682,0.28302795020652854,0.0,0.0,0.013609157635775965,0.0,0.0,0.0,0.0,0.0,0.0
