,white,convex,smooth,poisonous,free,closed,grasses,urban,flat
M37,0.014746945886595465,0.019835393479900945,0.014746945886595465,0.014746945886595465,0.014746945886595465,0.014746945886595465,0.9064298770871217,0.0,0.0
M36,0.0819654935671658,0.1102477644646981,0.0819654935671658,0.0819654935671658,0.0819654935671658,0.0819654935671658,0.0,0.4799247676994728,0.0
M34,2.5985860947537647e-05,0.0,2.5985860947537647e-05,2.5985860947537647e-05,2.5985860947537647e-05,2.5985860947537647e-05,0.0015972365346569692,0.0,0.9982728341606054
