,yellow,convex,scaly,edible,free,closed,meadows,smooth,white
M7,0.1672772353746353,0.13308910585014586,0.1672772353746353,0.13308910585014586,0.13308910585014586,0.13308910585014586,0.13308910585014586,0.0,0.0
M21,1.19723231352728e-05,9.525419148959006e-06,0.0,9.525419148959006e-06,9.525419148959006e-06,9.525419148959006e-06,9.525419148959006e-06,0.9999404005811199,0.0
M13,0.0,9.525419148959006e-06,1.19723231352728e-05,9.525419148959006e-06,9.525419148959006e-06,9.525419148959006e-06,9.525419148959006e-06,0.0,0.9999404005811199
