,brown,convex,smooth,poisonous,free,closed,grasses,flat
M32,0.13746782817360514,0.17519303095836905,0.13746782817360514,0.13746782817360514,0.13746782817360514,0.13746782817360514,0.13746782817360514,0.0
M41,1.1972176661438814e-05,0.0,1.1972176661438814e-05,1.1972176661438814e-05,1.1972176661438814e-05,1.1972176661438814e-05,1.1972176661438814e-05,0.9999281669400314
