,brown,convex,smooth,poisonous,free,closed,urban,flat
M29,0.1411598811189534,0.15304071328627974,0.1411598811189534,0.1411598811189534,0.1411598811189534,0.1411598811189534,0.1411598811189534,0.0
M40,1.5999984640014752e-07,0.0,1.5999984640014752e-07,1.5999984640014752e-07,1.5999984640014752e-07,1.5999984640014752e-07,1.5999984640014752e-07,0.9999990400009217
