,yellow,bell,scaly,edible,free,closed,grasses,meadows,smooth
M18,3.010123757941884e-05,3.010123757941884e-05,3.500628435726149e-05,3.010123757941884e-05,3.010123757941884e-05,3.010123757941884e-05,0.9998144875277457,0.0,0.0
M12,0.13291790948624888,0.13291790948624888,0.15457710412643466,0.13291790948624888,0.13291790948624888,0.13291790948624888,0.0,0.18083334844232088,0.0
M8,1.7709738928563004e-06,1.7709738928563004e-06,0.0,1.7709738928563004e-06,1.7709738928563004e-06,1.7709738928563004e-06,0.058823008537090334,0.0,0.9411681365934453
