,yellow,convex,scaly,edible,free,closed,paths,flat
M19,0.11047577947998709,0.3371453231200777,0.11047577947998709,0.11047577947998709,0.11047577947998709,0.11047577947998709,0.11047577947998709,0.0
M24,0.0003193867773874163,0.0,0.0003193867773874163,0.0003193867773874163,0.0003193867773874163,0.0003193867773874163,0.0003193867773874163,0.9980836793356755
