,brown,convex,fibrous,edible,free,crowded,grasses,white,flat,yellow,woods,gray,smooth
M9,0.9948303802179981,0.00041434001675051994,0.00041434001675051956,0.00015162785859137315,0.00015162785859137315,0.00015162785859137315,0.003886056172726556,0.0,0.0,0.0,0.0,0.0,0.0
M11,0.0,0.0,0.00039023792404163963,0.00014280769023380252,0.00014280769023380252,0.00014280769023380252,0.003660004904781162,0.9369612556239773,0.05856007847649858,0.0,0.0,0.0,0.0
M17,0.0,0.09275533580264694,0.09275533580264686,0.03394384411860315,0.03394384411860315,0.03394384411860315,0.0,0.0,0.0,0.35632889801944834,0.35632889801944834,0.0,0.0
M3,0.0,0.003209224521152906,0.0,0.0011744167162457146,0.0011744167162457146,0.0011744167162457146,0.030099015919094245,0.0,0.0,0.0,0.0,0.4815842547055078,0.4815842547055078
M15,0.0,0.006256117273019676,0.0,0.0022894280708002216,0.0022894280708002216,0.0022894280708002216,0.0,0.0,0.0,0.024033500116032388,0.024033500116032388,0.0,0.9388085982825148
M27,0.0,0.0,0.003209224521152904,0.0011744167162457148,0.0011744167162457148,0.0011744167162457148,0.030099015919094252,0.0,0.4815842547055079,0.0,0.0,0.4815842547055079,0.0
