,white,flat,fibrous,edible,free,crowded,grasses,gray
M11,0.9142857142857143,0.014285714285714292,0.014285714285714292,0.014285714285714292,0.014285714285714292,0.014285714285714292,0.014285714285714292,0.0
M27,0.0,0.014285714285714292,0.014285714285714292,0.014285714285714292,0.014285714285714292,0.014285714285714292,0.014285714285714292,0.9142857142857143
