,brown,convex,scaly,edible,free,closed,paths,grasses
M16,0.045454545454545456,0.045454545454545456,0.045454545454545456,0.045454545454545456,0.045454545454545456,0.045454545454545456,0.7272727272727273,0.0
M25,0.045454545454545456,0.045454545454545456,0.045454545454545456,0.045454545454545456,0.045454545454545456,0.045454545454545456,0.0,0.7272727272727273
