,white,convex,scaly,poisonous,free,closed,grasses,brown
M31,0.15062049124169974,0.1415632514597167,0.1415632514597167,0.1415632514597167,0.1415632514597167,0.1415632514597167,0.1415632514597167,0.0
M33,0.0,5.602042863358731e-08,5.602042863358731e-08,5.602042863358731e-08,5.602042863358731e-08,5.602042863358731e-08,5.602042863358731e-08,0.9999996638774282
