,brown,convex,fibrous,edible,free,crowded,grasses,gray,smooth
M9,0.48120300751879697,0.007518796992481206,0.48120300751879697,0.007518796992481206,0.007518796992481206,0.007518796992481206,0.007518796992481206,0.0,0.0
M3,0.0,0.007518796992481206,0.0,0.007518796992481206,0.007518796992481206,0.007518796992481206,0.007518796992481206,0.48120300751879697,0.48120300751879697
