,poisonous,edible,costs
brown,11.0,2.0,0.0
convex,10.0,2.0,0.0
scaly,11.0,2.0,0.0
free,11.0,2.0,0.0
closed,11.0,2.0,0.0
urban,11.0,0.0,0.0
flat,1.0,0.0,0.0
paths,0.0,2.0,0.0
prior,0.8461538461538461,0.15384615384615385,
alpha,3.0, , 
