,white,convex,scaly,free,closed,grasses,brown,yellow,meadows,bell,smooth,paths,flat
poisonous,0.18005378651022666,0.05537497937313737,0.07260950025314221,0.05462667903219865,0.05462667903219865,0.09943651507969183,0.15043952789814322,0.0,0.0,0.0,0.0,0.0,0.3328323328212614
edible,0.0011771770379598453,0.016891203840221303,0.011687048608091727,0.017173002793468364,0.017173002793468364,0.006752134554063456,0.002331404846180954,0.1853630051053092,0.1853630051053092,0.1853630051053092,0.1853630051053092,0.1853630051053092,0.0
