,brown,convex,smooth,free,closed,urban,flat,fibrous
poisonous,0.14507054772157985,0.15661962047948721,0.17400673851467816,0.14507054772157985,0.14507054772157985,0.14507054772157985,0.08909145011951523,0.0
edible,0.00020175504928721154,4.064219759514829e-05,0.0,0.00020175504928721154,0.00020175504928721154,0.00020175504928721154,0.007929780457184576,0.9912225571480715
