,yellow,convex,fibrous,free,crowded,woods,smooth
edible,0.14285714285714285,0.14285714285714285,0.14285714285714285,0.14285714285714285,0.14285714285714285,0.14285714285714285,0.14285714285714285
