,white,flat,fibrous,free,crowded,grasses,brown,convex,yellow,woods,smooth,closed,urban,bell,meadows,gray
edible,0.04907830922425753,0.04100543060124886,0.09521442389042818,0.05862829869376769,0.09521442389042818,0.03725646873423744,0.007269660826814203,0.04100543060124886,0.09521442389042818,0.09521442389042818,0.051469375479575113,0.04778605860585311,0.0,0.09521442389042818,0.09521442389042818,0.09521442389042818
poisonous,0.03647049350853774,0.054171504518052624,0.0,0.021251206595043107,0.0,0.06428580751643453,0.2400953108833358,0.054171504518052624,0.0,0.0,0.032138368370472424,0.038972658416634026,0.4584431456734372,0.0,0.0,0.0
