,brown,flat,smooth,free,closed,grasses,convex,white,yellow
poisonous,0.13451470547465302,0.13451470547465302,0.12055157030293277,0.12055157030293277,0.12055157030293277,0.12055157030293277,0.1142496023643097,0.13451470547465302,0.0
edible,0.0,0.0,5.335695843279635e-07,5.335695843279635e-07,5.335695843279635e-07,5.335695843279635e-07,2.5599879826782225e-06,0.0,0.99999530573368
