,white,convex,scaly,free,closed,grasses,meadows
poisonous,0.16321643679738107,0.16321643679738107,0.16321643679738107,0.16321643679738107,0.16321643679738107,0.1839178160130945,0.0
edible,1.1972309901404348e-05,1.1972309901404348e-05,1.1972309901404348e-05,1.1972309901404348e-05,1.1972309901404348e-05,8.431753002731151e-07,0.9999392952751928
