,white,convex,smooth,free,closed,grasses,bell
poisonous,0.12254160363086233,0.3872919818456883,0.12254160363086233,0.12254160363086233,0.12254160363086233,0.12254160363086233,0.0
edible,0.0471753057658707,0.009318578916715198,0.0471753057658707,0.0471753057658707,0.0471753057658707,0.0471753057658707,0.7548048922539312
