,yellow,bell,scaly,free,closed,grasses,meadows,white,flat,paths,convex,brown,smooth
edible,0.11680247577778907,0.11680247577778907,0.07185081170490676,0.074753584497785,0.074753584497785,0.03662925640391466,0.11680247577778907,0.029200618944447268,0.05191221145679514,0.11680247577778907,0.0581991574809745,0.018688396124446255,0.11680247577778907
poisonous,0.0,0.0,0.04125126191360307,0.03546926685529971,0.03546926685529971,0.1716712515796506,0.0,0.22168291784562316,0.0985257412647214,0.0,0.0767068919881049,0.31922340169769753,0.0
