,brown,convex,scaly,free,closed,urban,yellow,bell,grasses,white,smooth,meadows,paths,flat,fibrous,crowded,gray,sunken,woods
poisonous,0.13078403180106268,0.10424814129070213,0.09349550281795045,0.0799235749895383,0.0859393279457401,0.13764615692642707,0.0,0.0,0.09203320756371078,0.10504241284339319,0.08208367161087717,0.0,0.0,0.08880397221059812,0.0,0.0,0.0,0.0,0.0
edible,0.01426693701412512,0.027293270809630666,0.03257168639073848,0.03923407678884408,0.03628097423484506,0.0108983546635678,0.07846815357768816,0.07846815357768816,0.03328951969962528,0.026903366940921655,0.03817369633509154,0.07846815357768816,0.07846815357768816,0.03487473492341696,0.07846815357768816,0.07846815357768816,0.07846815357768816,0.07846815357768816,0.07846815357768816
