,brown,flat,smooth,free,closed,urban,fibrous
poisonous,0.047619047619047616,0.047619047619047616,0.7619047619047619,0.047619047619047616,0.047619047619047616,0.047619047619047616,0.0
edible,0.047619047619047616,0.047619047619047616,0.0,0.047619047619047616,0.047619047619047616,0.047619047619047616,0.7619047619047619
