,brown,convex,scaly,free,closed,urban,smooth,paths,white,gray,sunken,fibrous,flat
poisonous,0.10903535610732513,0.11413510927607204,0.11499326497169454,0.10701933753213483,0.10701933753213483,0.11070938993297985,0.12081479901088656,0.0,0.12081479901088656,0.0,0.0,0.0,0.09545860662588569
edible,0.000621122123869985,0.00019530436247112805,0.00014779824482331595,0.0008596846005120897,0.0008596846005120897,0.00045373812832930446,0.0,0.24844884954799398,0.0,0.24844884954799398,0.24844884954799398,0.24844884954799398,0.0030672697475061
