,brown,convex,scaly,free,closed,grasses,flat
poisonous,0.13611256354559895,0.11198014287923153,0.13611256354559895,0.13611256354559895,0.13611256354559895,0.13611256354559895,0.20745703939277388
edible,0.10911156555328344,0.454442172233583,0.10911156555328344,0.10911156555328344,0.10911156555328344,0.10911156555328344,0.0
