,brown,flat,smooth,free,closed,grasses,convex,white,urban,yellow,bell
poisonous,0.12863099278205412,0.12863099278205412,0.10372218944195202,0.10372218944195202,0.10372218944195202,0.09604581258914417,0.10781602303460475,0.09907861770423264,0.12863099278205412,0.0,0.0
edible,0.0,0.0,0.0001656960075020405,0.0001656960075020405,0.0001656960075020405,0.0003988658900635636,9.317521995003692e-05,0.0002889820280206768,0.0,0.49936094441972984,0.49936094441972984
