,brown,convex,scaly,free,closed,urban,flat,paths
poisonous,0.1389769577539585,0.13765127238145208,0.1389769577539585,0.1389769577539585,0.1389769577539585,0.15322044830135695,0.15322044830135695,0.0
edible,3.2762290509832725e-05,4.3190650194673314e-05,3.2762290509832725e-05,3.2762290509832725e-05,3.2762290509832725e-05,0.0,0.0,0.999825760187766
