,brown,flat,scaly,free,closed,urban
poisonous,0.16666666666666666,0.16666666666666666,0.16666666666666666,0.16666666666666666,0.16666666666666666,0.16666666666666666
