,brown,convex,smooth,free,closed,urban,fibrous
poisonous,0.164361070257018,0.164361070257018,0.17819464871491011,0.164361070257018,0.164361070257018,0.164361070257018,0.0
edible,1.5999987200010245e-07,1.5999987200010245e-07,0.0,1.5999987200010245e-07,1.5999987200010245e-07,1.5999987200010245e-07,0.99999920000064
