,brown,convex,fibrous,free,crowded,grasses
edible,0.16666666666666666,0.16666666666666666,0.16666666666666666,0.16666666666666666,0.16666666666666666,0.16666666666666666
