,free,crowded,convex
edible,0.3333333333333333,0.3333333333333333,0.3333333333333333
