,yellow,convex,smooth,free,crowded,woods
edible,0.16666666666666666,0.16666666666666666,0.16666666666666666,0.16666666666666666,0.16666666666666666,0.16666666666666666
