,smooth,free,closed,grasses,convex,yellow
poisonous,0.25,0.25,0.25,0.25,0.0,0.0
edible,0.16666666666666666,0.16666666666666666,0.16666666666666666,0.16666666666666666,0.16666666666666666,0.16666666666666666
