,yellow,scaly,free,closed,white,brown
edible,0.22305202834269544,0.22305202834269544,0.22305202834269544,0.22305202834269544,0.1077918866292181,0.0
poisonous,0.0,0.0,0.0,0.0,0.4400197761165115,0.5599802238834884
