,scaly,free,closed
edible,0.3333333333333333,0.3333333333333333,0.3333333333333333
