,brown,flat,smooth,free,closed,grasses
poisonous,0.16666666666666666,0.16666666666666666,0.16666666666666666,0.16666666666666666,0.16666666666666666,0.16666666666666666
