,white,convex,smooth,free,closed,grasses
poisonous,0.16666666666666666,0.16666666666666666,0.16666666666666666,0.16666666666666666,0.16666666666666666,0.16666666666666666
edible,0.2,0.0,0.2,0.2,0.2,0.2
