,white,convex,scaly,free,closed,grasses
poisonous,0.16666666666666669,0.16666666666666669,0.16666666666666669,0.16666666666666669,0.16666666666666669,0.16666666666666669
edible,0.2,0.2,0.2,0.2,0.2,0.0
