,free,grasses,yellow,smooth,closed,urban
edible,0.0,0.0,1.0,0.0,0.0,0.0
poisonous,0.21505843692874885,0.1397662522850046,0.0,0.21505843692874885,0.21505843692874885,0.21505843692874885
