,brown,convex,scaly,free,closed,grasses
poisonous,0.19999999999999998,0.0,0.19999999999999998,0.19999999999999998,0.19999999999999998,0.19999999999999998
edible,0.16666666666666666,0.16666666666666666,0.16666666666666666,0.16666666666666666,0.16666666666666666,0.16666666666666666
