,brown,convex,scaly,free,closed,urban,paths
poisonous,0.2,0.0,0.2,0.2,0.2,0.2,0.0
edible,0.16666666666666666,0.16666666666666666,0.16666666666666666,0.16666666666666666,0.16666666666666666,0.0,0.16666666666666666
