,brown,convex,scaly,poisonous,free,closed,grasses
M58,0.14285714285714285,0.14285714285714285,0.14285714285714285,0.14285714285714285,0.14285714285714285,0.14285714285714285,0.14285714285714285
