,brown,convex,fibrous,white,flat,smooth
M11,0.8298177833238833,0.17018221667611674,0.0,0.0,0.0,0.0
M13,0.0,0.0,0.0,0.8298177833238833,0.17018221667611674,0.0
M28,0.0,0.0,1.0,0.0,0.0,0.0
M26,0.0,0.0,1.0,0.0,0.0,0.0
M3,0.0,0.17018221667611674,0.0,0.0,0.0,0.8298177833238833
M21,0.0,0.0,0.0,0.0,0.0,1.0
M43,0.0,0.0,0.0,0.0,1.0,0.0
