,gray,sunken,fibrous,edible,free,closed,urban,flat,convex
M47,0.14285714285714288,0.14285714285714288,0.14285714285714288,0.14285714285714288,0.14285714285714288,0.14285714285714288,0.14285714285714288,0.0,0.0
M27,0.14285714285714288,0.14285714285714288,0.14285714285714288,0.14285714285714288,0.14285714285714288,0.14285714285714288,0.14285714285714288,0.0,0.0
M20,0.0,0.0,0.0,0.0,0.0,0.0,0.0,1.0,0.0
M32,0.0,0.0,0.0,0.0,0.0,0.0,0.0,0.0,1.0
M12,0.14285714285714288,0.14285714285714288,0.14285714285714288,0.14285714285714288,0.14285714285714288,0.14285714285714288,0.14285714285714288,0.0,0.0
