,brown,convex,scaly,poisonous,free,closed,grasses
M94,0.14285714285714285,0.14285714285714285,0.14285714285714285,0.14285714285714285,0.14285714285714285,0.14285714285714285,0.14285714285714285
