,yellow,convex,scaly,edible,free,closed,grasses,white,flat
M8,0.14285714285714285,0.14285714285714285,0.14285714285714285,0.14285714285714285,0.14285714285714285,0.14285714285714285,0.14285714285714285,0.0,0.0
M4,0.14285714285714285,0.14285714285714285,0.14285714285714285,0.14285714285714285,0.14285714285714285,0.14285714285714285,0.14285714285714285,0.0,0.0
M31,0.0,1.0,0.0,0.0,0.0,0.0,0.0,0.0,0.0
M37,0.0,1.0,0.0,0.0,0.0,0.0,0.0,0.0,0.0
M34,0.0,0.14285714285714285,0.14285714285714285,0.14285714285714285,0.14285714285714285,0.14285714285714285,0.14285714285714285,0.14285714285714285,0.0
M38,0.0,0.0,0.0,0.0,0.0,0.0,0.0,0.0,1.0
