,gray,flat,fibrous,edible,free,crowded,grasses
M43,0.14285714285714285,0.14285714285714285,0.14285714285714285,0.14285714285714285,0.14285714285714285,0.14285714285714285,0.14285714285714285
