,brown,flat,scaly,poisonous,free,closed,urban,convex,grasses
M81,0.010981468771448177,0.055593685655456415,0.010981468771448177,0.010981468771448177,0.010981468771448177,0.010981468771448177,0.8894989704873026,0.0,0.0
M58,0.010981468771448177,0.0,0.010981468771448177,0.010981468771448177,0.010981468771448177,0.010981468771448177,0.0,0.8894989704873026,0.055593685655456415
M69,0.06611570247933882,0.3347107438016529,0.06611570247933882,0.06611570247933882,0.06611570247933882,0.06611570247933882,0.0,0.0,0.3347107438016529
