,brown,flat,smooth,poisonous,free,closed,grasses
M97,0.14285714285714285,0.14285714285714285,0.14285714285714285,0.14285714285714285,0.14285714285714285,0.14285714285714285,0.14285714285714285
