,white,bell,smooth,edible,free,closed,meadows,convex,grasses
M2,0.10932307154101802,0.226692321147455,0.10932307154101802,0.10932307154101802,0.10932307154101802,0.10932307154101802,0.226692321147455,0.0,0.0
M17,0.10932307154101802,0.226692321147455,0.10932307154101802,0.10932307154101802,0.10932307154101802,0.10932307154101802,0.226692321147455,0.0,0.0
M36,0.0007674163608256665,0.0,0.0007674163608256665,0.0007674163608256665,0.0007674163608256665,0.0007674163608256665,0.0015913145658081021,0.9945716036300636,0.0
M41,0.10932307154101802,0.226692321147455,0.10932307154101802,0.10932307154101802,0.10932307154101802,0.10932307154101802,0.226692321147455,0.0,0.0
M44,0.0007674163608256665,0.0015913145658081021,0.0007674163608256665,0.0007674163608256665,0.0007674163608256665,0.0007674163608256665,0.0,0.0,0.9945716036300636
M5,0.10932307154101802,0.226692321147455,0.10932307154101802,0.10932307154101802,0.10932307154101802,0.10932307154101802,0.226692321147455,0.0,0.0
