,brown,flat,scaly,poisonous,free,closed,grasses
M69,0.14285714285714285,0.14285714285714285,0.14285714285714285,0.14285714285714285,0.14285714285714285,0.14285714285714285,0.14285714285714285
