,yellow,convex,scaly,edible,free,closed,paths,flat
M31,0.07356321839080458,0.5586206896551728,0.07356321839080458,0.07356321839080458,0.07356321839080458,0.07356321839080458,0.07356321839080458,0.0
M37,0.07356321839080458,0.5586206896551728,0.07356321839080458,0.07356321839080458,0.07356321839080458,0.07356321839080458,0.07356321839080458,0.0
M38,0.0040160642570281095,0.0,0.0040160642570281095,0.0040160642570281095,0.0040160642570281095,0.0040160642570281095,0.0040160642570281095,0.9759036144578315
