,brown,convex,fibrous,edible,free,crowded,grasses,white,flat,yellow,woods,gray,smooth
M11,0.9917135102820329,0.0015867416164512531,0.0015867416164512531,0.00041304186184174647,0.00041304186184174647,0.00041304186184174647,0.003873880899539192,0.0,0.0,0.0,0.0,0.0,0.0
M13,0.0,0.0,0.0014963679464428741,0.0003895168540303192,0.0003895168540303192,0.0003895168540303192,0.003653242056745298,0.935229966526796,0.05845187290792475,0.0,0.0,0.0,0.0
M28,0.0,0.0549057660074414,0.0549057660074414,0.014292421388859174,0.014292421388859174,0.014292421388859174,0.0,0.0,0.0,0.4236556019092698,0.4236556019092698,0.0,0.0
M26,0.0,0.0549057660074414,0.0549057660074414,0.014292421388859174,0.014292421388859174,0.014292421388859174,0.0,0.0,0.0,0.4236556019092698,0.4236556019092698,0.0,0.0
M3,0.0,0.012143684433955828,0.0,0.0031611006960526413,0.0031611006960526413,0.0031611006960526413,0.029647667075087467,0.0,0.0,0.0,0.0,0.47436267320139935,0.47436267320139935
M21,0.0,0.017769714787801833,0.0,0.004625602558257453,0.004625602558257453,0.004625602558257453,0.0,0.0,0.0,0.1371119968194585,0.1371119968194585,0.0,0.6941294838985088
M43,0.0,0.0,0.012143684433955828,0.0031611006960526413,0.0031611006960526413,0.0031611006960526413,0.029647667075087467,0.0,0.47436267320139935,0.0,0.0,0.47436267320139935,0.0
