,white,flat,fibrous,edible,free,crowded,grasses,brown,convex,gray,smooth
M13,0.962212494779663,0.030069140461864468,0.003959722200739351,0.0009396606394332646,0.0009396606394332646,0.0009396606394332646,0.0009396606394332646,0.0,0.0,0.0,0.0
M11,0.0,0.0,0.003959722200739351,0.0009396606394332646,0.0009396606394332646,0.0009396606394332646,0.0009396606394332646,0.962212494779663,0.030069140461864468,0.0,0.0
M3,0.0,0.0,0.0,0.0009157509157509158,0.0009157509157509158,0.0009157509157509158,0.0009157509157509158,0.0,0.029304029304029304,0.029304029304029304,0.9377289377289377
M43,0.0,0.4431274219284249,0.058354228402097065,0.013847731935263279,0.013847731935263279,0.013847731935263279,0.013847731935263279,0.0,0.0,0.4431274219284249,0.0
