,yellow,bell,scaly,edible,free,closed,grasses,meadows,smooth
M30,0.006372872021321586,0.006372872021321586,0.011806532193821856,0.006372872021321586,0.006372872021321586,0.006372872021321586,0.9563291076995701,0.0,0.0
M25,0.0935084257440933,0.0935084257440933,0.17323590294102467,0.0935084257440933,0.0935084257440933,0.0935084257440933,0.0,0.3592219683385088,0.0
M10,0.00039122674034770285,0.00039122674034770285,0.0,0.00039122674034770285,0.00039122674034770285,0.00039122674034770285,0.05870846272342714,0.0,0.9393354035748342
M15,0.0935084257440933,0.0935084257440933,0.17323590294102467,0.0935084257440933,0.0935084257440933,0.0935084257440933,0.0,0.3592219683385088,0.0
M48,0.0935084257440933,0.0935084257440933,0.17323590294102467,0.0935084257440933,0.0935084257440933,0.0935084257440933,0.0,0.3592219683385088,0.0
M42,0.0935084257440933,0.0935084257440933,0.17323590294102467,0.0935084257440933,0.0935084257440933,0.0935084257440933,0.0,0.3592219683385088,0.0
M50,0.0935084257440933,0.0935084257440933,0.17323590294102467,0.0935084257440933,0.0935084257440933,0.0935084257440933,0.0,0.3592219683385088,0.0
