,brown,convex,smooth,poisonous,free,closed,grasses,flat
M55,0.11846367422489588,0.28921795465062466,0.11846367422489588,0.11846367422489588,0.11846367422489588,0.11846367422489588,0.11846367422489588,0.0
M97,0.0015847860538827263,0.0,0.0015847860538827263,0.0015847860538827263,0.0015847860538827263,0.0015847860538827263,0.0015847860538827263,0.9904912836767036
M71,0.11846367422489588,0.28921795465062466,0.11846367422489588,0.11846367422489588,0.11846367422489588,0.11846367422489588,0.11846367422489588,0.0
M79,0.11846367422489588,0.28921795465062466,0.11846367422489588,0.11846367422489588,0.11846367422489588,0.11846367422489588,0.11846367422489588,0.0
M99,0.11846367422489588,0.28921795465062466,0.11846367422489588,0.11846367422489588,0.11846367422489588,0.11846367422489588,0.11846367422489588,0.0
