,yellow,convex,fibrous,edible,free,crowded,woods,smooth
M28,0.07356321839080458,0.07356321839080458,0.5586206896551728,0.07356321839080458,0.07356321839080458,0.07356321839080458,0.07356321839080458,0.0
M26,0.07356321839080458,0.07356321839080458,0.5586206896551728,0.07356321839080458,0.07356321839080458,0.07356321839080458,0.07356321839080458,0.0
M21,0.0040160642570281095,0.0040160642570281095,0.0,0.0040160642570281095,0.0040160642570281095,0.0040160642570281095,0.0040160642570281095,0.9759036144578315
