,brown,convex,smooth,poisonous,free,closed,urban,flat
M51,0.12976975462112206,0.2213814722732675,0.12976975462112206,0.12976975462112206,0.12976975462112206,0.12976975462112206,0.12976975462112206,0.0
M92,0.12976975462112206,0.2213814722732675,0.12976975462112206,0.12976975462112206,0.12976975462112206,0.12976975462112206,0.12976975462112206,0.0
M57,0.12976975462112206,0.2213814722732675,0.12976975462112206,0.12976975462112206,0.12976975462112206,0.12976975462112206,0.12976975462112206,0.0
M82,0.00024378352023403233,0.0,0.00024378352023403233,0.00024378352023403233,0.00024378352023403233,0.00024378352023403233,0.00024378352023403233,0.9985372988785958
M95,0.12976975462112206,0.2213814722732675,0.12976975462112206,0.12976975462112206,0.12976975462112206,0.12976975462112206,0.12976975462112206,0.0
M98,0.12976975462112206,0.2213814722732675,0.12976975462112206,0.12976975462112206,0.12976975462112206,0.12976975462112206,0.12976975462112206,0.0
M91,0.12976975462112206,0.2213814722732675,0.12976975462112206,0.12976975462112206,0.12976975462112206,0.12976975462112206,0.12976975462112206,0.0
M100,0.12976975462112206,0.2213814722732675,0.12976975462112206,0.12976975462112206,0.12976975462112206,0.12976975462112206,0.12976975462112206,0.0
