,yellow,convex,smooth,edible,free,closed,grasses,white
M45,0.4576271186440678,0.09039548022598867,0.09039548022598867,0.09039548022598867,0.09039548022598867,0.09039548022598867,0.09039548022598867,0.0
M40,0.0,0.011494252873563216,0.011494252873563216,0.011494252873563216,0.011494252873563216,0.011494252873563216,0.011494252873563216,0.9310344827586208
M1,0.4576271186440678,0.09039548022598867,0.09039548022598867,0.09039548022598867,0.09039548022598867,0.09039548022598867,0.09039548022598867,0.0
