,gray,sunken,fibrous,edible,free,closed,urban,brown,flat,convex
M47,0.377643504531722,0.377643504531722,0.048942598187311205,0.048942598187311205,0.048942598187311205,0.048942598187311205,0.048942598187311205,0.0,0.0,0.0
M27,0.377643504531722,0.377643504531722,0.048942598187311205,0.048942598187311205,0.048942598187311205,0.048942598187311205,0.048942598187311205,0.0,0.0,0.0
M20,0.0,0.0,0.0014946286781877631,0.0014946286781877631,0.0014946286781877631,0.0014946286781877631,0.0014946286781877631,0.05838393274170948,0.9341429238673516,0.0
M32,0.0,0.0,0.0014946286781877631,0.0014946286781877631,0.0014946286781877631,0.0014946286781877631,0.0014946286781877631,0.05838393274170948,0.0,0.9341429238673516
M12,0.377643504531722,0.377643504531722,0.048942598187311205,0.048942598187311205,0.048942598187311205,0.048942598187311205,0.048942598187311205,0.0,0.0,0.0
