,yellow,convex,scaly,edible,free,closed,meadows,smooth,white
M23,0.226692321147455,0.10932307154101802,0.226692321147455,0.10932307154101802,0.10932307154101802,0.10932307154101802,0.10932307154101802,0.0,0.0
M33,0.0015913145658081021,0.0007674163608256665,0.0,0.0007674163608256665,0.0007674163608256665,0.0007674163608256665,0.0007674163608256665,0.9945716036300636,0.0
M19,0.0,0.0007674163608256665,0.0015913145658081021,0.0007674163608256665,0.0007674163608256665,0.0007674163608256665,0.0007674163608256665,0.0,0.9945716036300636
M9,0.226692321147455,0.10932307154101802,0.226692321147455,0.10932307154101802,0.10932307154101802,0.10932307154101802,0.10932307154101802,0.0,0.0
M18,0.226692321147455,0.10932307154101802,0.226692321147455,0.10932307154101802,0.10932307154101802,0.10932307154101802,0.10932307154101802,0.0,0.0
M35,0.226692321147455,0.10932307154101802,0.226692321147455,0.10932307154101802,0.10932307154101802,0.10932307154101802,0.10932307154101802,0.0,0.0
