,white,convex,scaly,poisonous,free,closed,grasses,brown
M85,0.21071394161287238,0.1315476763978546,0.1315476763978546,0.1315476763978546,0.1315476763978546,0.1315476763978546,0.1315476763978546,0.0
M84,0.21071394161287238,0.1315476763978546,0.1315476763978546,0.1315476763978546,0.1315476763978546,0.1315476763978546,0.1315476763978546,0.0
M83,0.21071394161287238,0.1315476763978546,0.1315476763978546,0.1315476763978546,0.1315476763978546,0.1315476763978546,0.1315476763978546,0.0
M73,0.21071394161287238,0.1315476763978546,0.1315476763978546,0.1315476763978546,0.1315476763978546,0.1315476763978546,0.1315476763978546,0.0
M94,0.0,0.0001522765341860818,0.0001522765341860818,0.0001522765341860818,0.0001522765341860818,0.0001522765341860818,0.0001522765341860818,0.9990863407948835
M66,0.21071394161287238,0.1315476763978546,0.1315476763978546,0.1315476763978546,0.1315476763978546,0.1315476763978546,0.1315476763978546,0.0
M62,0.21071394161287238,0.1315476763978546,0.1315476763978546,0.1315476763978546,0.1315476763978546,0.1315476763978546,0.1315476763978546,0.0
M80,0.21071394161287238,0.1315476763978546,0.1315476763978546,0.1315476763978546,0.1315476763978546,0.1315476763978546,0.1315476763978546,0.0
M53,0.21071394161287238,0.1315476763978546,0.1315476763978546,0.1315476763978546,0.1315476763978546,0.1315476763978546,0.1315476763978546,0.0
