,white,convex,smooth,poisonous,free,closed,grasses,urban,flat
M68,0.04333957423202276,0.08986894112752242,0.04333957423202276,0.04333957423202276,0.04333957423202276,0.04333957423202276,0.6934331877123638,0.0,0.0
M64,0.04333957423202276,0.08986894112752242,0.04333957423202276,0.04333957423202276,0.04333957423202276,0.04333957423202276,0.0,0.6934331877123638,0.0
M75,0.04333957423202276,0.08986894112752242,0.04333957423202276,0.04333957423202276,0.04333957423202276,0.04333957423202276,0.6934331877123638,0.0,0.0
M74,0.04333957423202276,0.08986894112752242,0.04333957423202276,0.04333957423202276,0.04333957423202276,0.04333957423202276,0.0,0.6934331877123638,0.0
M59,0.0007593014426727412,0.0,0.0007593014426727412,0.0007593014426727412,0.0007593014426727412,0.0007593014426727412,0.012148823082763853,0.0,0.9840546697038725
M78,0.04333957423202276,0.08986894112752242,0.04333957423202276,0.04333957423202276,0.04333957423202276,0.04333957423202276,0.0,0.6934331877123638,0.0
