,yellow,convex,scaly,edible,free,closed,grasses,paths,white,flat
M8,0.08587331036310632,0.08587331036310632,0.041412668963689385,0.041412668963689385,0.041412668963689385,0.041412668963689385,0.6626027034190298,0.0,0.0,0.0
M4,0.08587331036310632,0.08587331036310632,0.041412668963689385,0.041412668963689385,0.041412668963689385,0.041412668963689385,0.6626027034190298,0.0,0.0,0.0
M31,0.08587331036310632,0.08587331036310632,0.041412668963689385,0.041412668963689385,0.041412668963689385,0.041412668963689385,0.0,0.6626027034190298,0.0,0.0
M37,0.08587331036310632,0.08587331036310632,0.041412668963689385,0.041412668963689385,0.041412668963689385,0.041412668963689385,0.0,0.6626027034190298,0.0,0.0
M34,0.0,0.0015732050167759986,0.0007586829749112647,0.0007586829749112647,0.0007586829749112647,0.0007586829749112647,0.012138927598580228,0.0,0.9832531354849988,0.0
M38,0.0015732050167759986,0.0,0.0007586829749112647,0.0007586829749112647,0.0007586829749112647,0.0007586829749112647,0.0,0.012138927598580228,0.0,0.9832531354849988
