,gray,sunken,fibrous,edible,free,closed,urban
M47,0.14285714285714288,0.14285714285714288,0.14285714285714288,0.14285714285714288,0.14285714285714288,0.14285714285714288,0.14285714285714288
M27,0.14285714285714288,0.14285714285714288,0.14285714285714288,0.14285714285714288,0.14285714285714288,0.14285714285714288,0.14285714285714288
M12,0.14285714285714288,0.14285714285714288,0.14285714285714288,0.14285714285714288,0.14285714285714288,0.14285714285714288,0.14285714285714288
