,white,flat,fibrous,edible,free,crowded,grasses,gray
M13,0.9142857142857143,0.014285714285714292,0.014285714285714292,0.014285714285714292,0.014285714285714292,0.014285714285714292,0.014285714285714292,0.0
M43,0.0,0.014285714285714292,0.014285714285714292,0.014285714285714292,0.014285714285714292,0.014285714285714292,0.014285714285714292,0.9142857142857143
