,yellow,convex,scaly,edible,free,closed,grasses,white,flat
M4,0.14285714285714285,0.14285714285714285,0.14285714285714285,0.14285714285714285,0.14285714285714285,0.14285714285714285,0.14285714285714285,0.0,0.0
M19,0.0,1.0,0.0,0.0,0.0,0.0,0.0,0.0,0.0
M22,0.0,0.14285714285714285,0.14285714285714285,0.14285714285714285,0.14285714285714285,0.14285714285714285,0.14285714285714285,0.14285714285714285,0.0
M24,0.0,0.0,0.0,0.0,0.0,0.0,0.0,0.0,1.0
