,gray,sunken,fibrous,edible,free,closed,urban,flat,convex
M10,0.14285714285714285,0.14285714285714285,0.14285714285714285,0.14285714285714285,0.14285714285714285,0.14285714285714285,0.14285714285714285,0.0,0.0
M14,0.0,0.0,0.0,0.0,0.0,0.0,0.0,1.0,0.0
M20,0.0,0.0,0.0,0.0,0.0,0.0,0.0,0.0,1.0
