,brown,convex,scaly,poisonous,free,closed,urban
M35,0.14285714285714285,0.14285714285714285,0.14285714285714285,0.14285714285714285,0.14285714285714285,0.14285714285714285,0.14285714285714285
M39,0.0,0.0,0.0,0.0,0.0,0.0,1.0
M33,0.0,1.0,0.0,0.0,0.0,0.0,0.0
