,brown,convex,smooth,poisonous,free,closed,grasses
M32,0.14285714285714285,0.14285714285714285,0.14285714285714285,0.14285714285714285,0.14285714285714285,0.14285714285714285,0.14285714285714285
