,yellow,convex,fibrous,edible,free,crowded,woods
M17,0.14285714285714285,0.14285714285714285,0.14285714285714285,0.14285714285714285,0.14285714285714285,0.14285714285714285,0.14285714285714285
