,brown,convex,fibrous,white,flat,smooth
M9,0.8298177833238833,0.17018221667611674,0.0,0.0,0.0,0.0
M11,0.0,0.0,0.0,0.8298177833238833,0.17018221667611674,0.0
M17,0.0,0.0,1.0,0.0,0.0,0.0
M3,0.0,0.17018221667611674,0.0,0.0,0.0,0.8298177833238833
M15,0.0,0.0,0.0,0.0,0.0,1.0
M27,0.0,0.0,0.0,0.0,1.0,0.0
