,brown,flat,smooth,poisonous,free,closed,grasses
M41,0.14285714285714285,0.14285714285714285,0.14285714285714285,0.14285714285714285,0.14285714285714285,0.14285714285714285,0.14285714285714285
